<?xml version="1.0" encoding="UTF-8" standalone="yes"?>
<addon
  id="plugin.video.phimxixam"
  version="0.0.4"
  name="[COLOR ffff8c00]X[/COLOR][COLOR ffffffff]i[/COLOR][COLOR ffff8c00]X[/COLOR][COLOR ffffffff]am[/COLOR]"
  provider-name="traitravinh">
  <requires>
  		<import addon="script.module.requests" version="2.4.3" />       		
  </requires>
  <extension point="xbmc.python.pluginsource"
            library="phimxixam.py">
        <provides>video</provides>
  </extension>
  <extension point="xbmc.addon.metadata">
    <summary>Watch movies on phim.xixam.com</summary>
    <description>Watch movies on phim.xixam.com</description>
    <platform>all</platform>
  </extension>
</addon>