<?xml version="1.0" encoding="UTF-8" standalone="yes"?>
<addon
  id="plugin.video.superphim"
  version="1.0.0"
  name="superphim"
  provider-name="traitravinh">
  <requires>        
  </requires>
  <extension point="xbmc.python.pluginsource"
            library="superphim.py">
        <provides>video</provides>
  </extension>
  <extension point="xbmc.addon.metadata">
    <summary>Watch Movies</summary>
    <description>Watch (Vietnamese)Videos on superphim.com</description>
    <platform>all</platform>
  </extension>
</addon>