<?xml version="1.0" encoding="UTF-8" standalone="yes"?>
<addon
  id="plugin.video.xemphimso"
  version="0.0.4"
  name="[COLOR FF32CD32]XemPhimSo[/COLOR]"
  provider-name="traitravinh">
  <requires>
    <import addon="xbmc.python" version="2.1.0" optional="true"/>
    <import addon="script.module.requests" version="2.4.3" />        
  </requires>
  <extension point="xbmc.python.pluginsource"
            library="xemphimso.py">
        <provides>video</provides>
  </extension>
  <extension point="xbmc.addon.metadata">
    <summary>Watch Movies</summary>
    <description>Watch Movies on xemphimso.com</description>
    <platform>all</platform>
  </extension>
</addon>