<?xml version="1.0" encoding="UTF-8" standalone="yes"?>
<addon
  id="plugin.video.nhaccuatui"
  version="1.0.5"
  name="NhacCuaTui"
  provider-name="Wonnykc">
  <requires>
	<import addon="xbmc.python" version="2.1.0" />    
    <import addon="script.common.plugin.cache" version="2.5.2" />    
    <import addon="script.module.simple.downloader" version="1.9.4" />
  </requires>
  <extension point="xbmc.python.pluginsource"
            library="nhaccuatui.py">
        <provides>video</provides>
  </extension>
  <extension point="xbmc.addon.metadata">
    <summary>NhacCuaTui</summary>
    <description>Search and play/download music on nhaccuatui.com</description>
    <platform>all</platform>
  </extension>
</addon>
