<?xml version="1.0" encoding="UTF-8" standalone="yes"?>
<addon
  id="plugin.video.phimvang"
  version="1.0.4"
  name="[COLOR white]PHIM[/COLOR][COLOR FFFFD700]VANG[/COLOR]"
  provider-name="traitravinh">
  <requires>        
  </requires>
  <extension point="xbmc.python.pluginsource"
            library="phimvang.py">
        <provides>video</provides>
  </extension>
  <extension point="xbmc.addon.metadata">
    <summary>Watch Movies</summary>
    <description>Watch Movies on phimvang.com</description>
    <platform>all</platform>
  </extension>
</addon>