<?xml version="1.0" encoding="UTF-8" standalone="yes"?>
<addon
  id="plugin.video.anhtrang_org"
  version="0.0.2"
  name="[COLOR ffffff00]Anh[/COLOR][COLOR ffffa500]Trang[/COLOR][COLOR ffffffff].ORG[/COLOR]"
  provider-name="traitravinh">
  <requires>       		
  </requires>
  <extension point="xbmc.python.pluginsource"
            library="anhtrang.py">
        <provides>video</provides>
  </extension>
  <extension point="xbmc.addon.metadata">
    <summary>Watch movies</summary>
    <description>Watch movies</description>
    <platform>all</platform>
  </extension>
</addon>