<?xml version="1.0" encoding="UTF-8" standalone="yes"?>
<addon
  id="plugin.video.phimtructuyenhd"
  version="1.0.1"
  name="phimtructuyenhd.com"
  provider-name="traitravinh">
  <requires>        		
  </requires>
  <extension point="xbmc.python.pluginsource"
            library="phimtructuyenhd.py">
        <provides>video</provides>
  </extension>
  <extension point="xbmc.addon.metadata">
    <summary>Watch Movies</summary>
    <description>Watch (Vietnamese)Videos</description>
    <platform>all</platform>
  </extension>
</addon>