<?xml version="1.0" encoding="UTF-8" standalone="yes"?>
<addon
  id="plugin.video.anhtrang_org"
  version="0.0.5"
  name="[COLOR ffffff00]Anh[/COLOR][COLOR ffffa500]Trang[/COLOR][COLOR ffffffff].ORG[/COLOR]"
  provider-name="traitravinh">
  <requires>
    <import addon="xbmc.python" version="2.1.0"/>
    <import addon="script.module.urlresolver" version="2.7.0"/>
    <import addon="script.module.simple.downloader" version="1.9.4" />       		
  </requires>
  <extension point="xbmc.python.pluginsource"
            library="anhtrang.py">
        <provides>video</provides>
  </extension>
  <extension point="xbmc.addon.metadata">
    <summary>Watch movies</summary>
    <description>Watch movies</description>
    <platform>all</platform>
  </extension>
</addon>