<?xml version="1.0" encoding="UTF-8" standalone="yes"?>
<addon
  id="plugin.video.phatam"
  version="1.0.2"
  name="[COLOR white]phatam[/COLOR]"
  provider-name="traitravinh">
  <requires>
  </requires>
  <extension point="xbmc.python.pluginsource"
            library="phatam.py">
        <provides>video</provides>
  </extension>
  <extension point="xbmc.addon.metadata">
    <summary>Watch KinhPhat</summary>
    <description>A-Di-Da-Phat</description>
    <platform>all</platform>
  </extension>
</addon>